Title,Company,Company Location,Job Location,Experience Years,Duration of Job Title,Job Type,Link
Data Analyst,Venus Hiring -,"Toronto,Canada",On-site,1 - 5,2 daysago,Full Time,https://wuzzuf.nethttps://wuzzuf.net/jobs/p/Gaknn1pTbBFC-Data-Analyst-Venus-Hiring-Toronto-Canada
Data Analyst Manager,WUZZUF -,"Maadi,Cairo,Egypt",Hybrid,7 - 15,20 hoursago,Full Time,https://wuzzuf.nethttps://wuzzuf.net/jobs/p/78pUnInNIct1-Data-Analyst-Manager-WUZZUF-Cairo-Egypt
Data Analyst,ECC Group -,"Nasr City,Cairo,Egypt",On-site,5 - 7,2 daysago,Full Time,https://wuzzuf.nethttps://wuzzuf.net/jobs/p/gg0dtDY5TNYi-Data-Analyst-ECC-Group-Cairo-Egypt
Junior Data Analyst,Confidential -,"Cairo,Egypt",On-site,2 - 4,5 daysago,Full Time,https://wuzzuf.nethttps://wuzzuf.net/jobs/p/kl5VSf950AsV-Junior-Data-Analyst-Cairo-Egypt
Data Analyst,Luminar -,"New Cairo,Cairo,Egypt",Remote,2 - 5,N/A,Full Time,https://wuzzuf.nethttps://wuzzuf.net/jobs/p/cZhEcNziXcWL-Data-Analyst-Luminar-Cairo-Egypt
Commercial Specialist ( Junior Data Analyst ),realme -,"Nasr City,Cairo,Egypt",On-site,N/A,4 daysago,Full Time,https://wuzzuf.nethttps://wuzzuf.net/jobs/p/4xE6REC3FbS2-Commercial-Specialist-Junior-Data-Analyst-realme-Cairo-Egypt
Data Analyst,Dayra Market  -,"Maadi,Cairo,Egypt",On-site,1 - 7,7 daysago,Full Time,https://wuzzuf.nethttps://wuzzuf.net/jobs/p/gklPV6jdYskE-Data-Analyst-Dayra-Market-Cairo-Egypt
Data Analyst,London International Patient Services -,"Heliopolis,Cairo,Egypt",Hybrid,2 - 3,3 daysago,Full Time,https://wuzzuf.nethttps://wuzzuf.net/jobs/p/s5BzCzLsEb7k-Data-Analyst-London-International-Patient-Services-Cairo-Egypt
Data Analyst/ Mailer,Options -,"Mohandessin,Giza,Egypt",Remote,1 - 5,N/A,Full Time,https://wuzzuf.nethttps://wuzzuf.net/jobs/p/T6fNSbbdiBgt-Data-Analyst-Mailer-Options-Giza-Egypt
Senior Data Analyst,United Distributors  -,"Zamalek,Cairo,Egypt",On-site,3 - 5,N/A,Full Time,https://wuzzuf.nethttps://wuzzuf.net/jobs/p/YzbK275t52HT-Senior-Data-Analyst-United-Distributors-Cairo-Egypt
Senior Data Analyst,British University of Egypt -,"Shorouk City,Cairo,Egypt",On-site,5 - 7,N/A,Full Time,https://wuzzuf.nethttps://wuzzuf.net/jobs/p/gFNeLv8RTxpX-Senior-Data-Analyst-British-University-of-Egypt-Cairo-Egypt
Data Analyst,Al Ateeq Software -,"Heliopolis,Cairo,Egypt",On-site,5 - 9,N/A,Full Time,https://wuzzuf.nethttps://wuzzuf.net/jobs/p/u7xXh9g1uWJ3-Data-Analyst-Al-Ateeq-Software-Cairo-Egypt
Data Analyst,Cairo Three A  Poultry  -,"New Cairo,Cairo,Egypt",On-site,2 - 3,N/A,Full Time,https://wuzzuf.nethttps://wuzzuf.net/jobs/p/lhvdfqYkCNKT-Data-Analyst-Cairo-Three-A-Poultry-Cairo-Egypt
Financial Analyst,Confidential -,"Cairo,Egypt",On-site,3 - 7,5 daysago,Full Time,https://wuzzuf.nethttps://wuzzuf.net/jobs/p/empX5xigm9rE-Financial-Analyst-Cairo-Egypt
Data Analyst,Distributors for Nestlè dry -,"Qalyub,Qalubia,Egypt",On-site,1 - 3,N/A,Part Time,https://wuzzuf.nethttps://wuzzuf.net/jobs/p/7teZhOyt4CDr-Data-Analyst-Distributors-for-Nestlè-dry-Qalubia-Egypt
Business Analyst,Babeleye -,"Maadi,Cairo,Egypt",Hybrid,2 - 4,18 hoursago,Full Time,https://wuzzuf.nethttps://wuzzuf.net/jobs/p/c5nGO4tGo55D-Business-Analyst-Babeleye-Cairo-Egypt
Senior Data Analyst,Tamweely -,"Downtown,Cairo,Egypt",On-site,3 - 5,N/A,Full Time,https://wuzzuf.nethttps://wuzzuf.net/jobs/p/fnzfOgDaVGDM-Senior-Data-Analyst-Tamweely-Cairo-Egypt
Operation Analyst,Etisal EG -,"New Cairo,Cairo,Egypt",On-site,2 - 3,N/A,Full Time,https://wuzzuf.nethttps://wuzzuf.net/jobs/p/yHbJ76G4DKOA-Operation-Analyst-Etisal-EG-Cairo-Egypt
Junior Data Analyst,Etqan Consultancy -,"Cairo,Egypt",On-site,1 - 3,N/A,Full Time,https://wuzzuf.nethttps://wuzzuf.net/jobs/p/h4JzXxr8CJFq-Junior-Data-Analyst-Etqan-Consultancy-Cairo-Egypt
System Analyst,SellEnvo -,"Rotterdam,Netherlands",Remote,N/A,N/A,Full Time,https://wuzzuf.nethttps://wuzzuf.net/jobs/p/zy7UcqNEDrkL-System-Analyst-SellEnvo-Rotterdam-Netherlands
Senior Real Estate Analyst – Land Valuation,Higher Ground Land Company -,"Cairo,Egypt",Remote,N/A,N/A,Full Time,https://wuzzuf.nethttps://wuzzuf.net/jobs/p/Du33zsYP6M49-Senior-Real-Estate-Analyst-–-Land-Valuation-Higher-Ground-Land-Company-Cairo-Egypt
Business Analyst,BTC-Egypt Gold -,"Heliopolis,Cairo,Egypt",On-site,3 - 5,N/A,Full Time,https://wuzzuf.nethttps://wuzzuf.net/jobs/p/wY11RfVU3DqU-Business-Analyst-BTC-Egypt-Gold-Cairo-Egypt
Sales Analyst,Alarabia Group -,"10th of Ramadan City,Sharqia,Egypt",On-site,4 - 8,N/A,Full Time,https://wuzzuf.nethttps://wuzzuf.net/jobs/p/E4mKlGzQ2URD-Sales-Analyst-Alarabia-Group-Sharqia-Egypt
Data Analyst,Intelligent for field Marketing -,"Nasr City,Cairo,Egypt",On-site,0 - 3,N/A,Full Time,https://wuzzuf.nethttps://wuzzuf.net/jobs/p/3ra0odsjjBj7-Data-Analyst-Intelligent-for-field-Marketing-Cairo-Egypt
EDI analyst,Dora Management Solutions -,"Sheraton,Cairo,Egypt",Remote,3 - 5,5 daysago,Full Time,https://wuzzuf.nethttps://wuzzuf.net/jobs/p/JRiso6e3Zboe-EDI-analyst-Dora-Management-Solutions-Cairo-Egypt
Senior Cost Analyst,Nacita -,"6th of October,Giza,Egypt",On-site,4 - 6,23 hoursago,Full Time,https://wuzzuf.nethttps://wuzzuf.net/jobs/p/3Gip0dA26tCf-Senior-Cost-Analyst-Nacita-Giza-Egypt
Data Analyst,BTC-Egypt Gold -,"Heliopolis,Cairo,Egypt",On-site,4 - 7,N/A,Full Time,https://wuzzuf.nethttps://wuzzuf.net/jobs/p/gEK1jr6JJwZf-Data-Analyst-BTC-Egypt-Gold-Cairo-Egypt
Financial Analyst,Confidential -,"Zamalek,Cairo,Egypt",On-site,3 - 5,2 daysago,Full Time,https://wuzzuf.nethttps://wuzzuf.net/jobs/p/FRnd5SDn1K7Y-Financial-Analyst-Cairo-Egypt
Reporting and Business Analyst,Chubb life Insurance -,"Katameya,Cairo,Egypt",On-site,2 - 5,N/A,Full Time,https://wuzzuf.nethttps://wuzzuf.net/jobs/p/8Rw17OdfBMNQ-Reporting-and-Business-Analyst-Chubb-life-Insurance-Cairo-Egypt
Sales Analyst,Raw African -,"Nasr City,Cairo,Egypt",On-site,3 - 5,N/A,Full Time,https://wuzzuf.nethttps://wuzzuf.net/jobs/p/tenIMrCFyXuT-Sales-Analyst-Raw-African-Cairo-Egypt
Financial Analyst (Equities),Blue Ventures -,"Nasr City,Cairo,Egypt",On-site,5 - 7,19 hoursago,Full Time,https://wuzzuf.nethttps://wuzzuf.net/jobs/p/vZ71OwhtORMc-Financial-Analyst-Equities-Blue-Ventures-Cairo-Egypt
Software Business Analyst,Safa Soft -,"Maadi,Cairo,Egypt",On-site,3 - 5,N/A,Full Time,https://wuzzuf.nethttps://wuzzuf.net/jobs/p/Q4syhfvE5ukv-Software-Business-Analyst-Safa-Soft-Cairo-Egypt
Senior Software Business Analyst - On-site,Microwize -,"Sheraton,Cairo,Egypt",On-site,5 - 8,N/A,Full Time,https://wuzzuf.nethttps://wuzzuf.net/jobs/p/yP79eVIiIgks-Senior-Software-Business-Analyst---On-site-Microwize-Cairo-Egypt
Cost Analyst,Ostool Transport -,"6th of October,Giza,Egypt",On-site,7 - 10,N/A,Full Time,https://wuzzuf.nethttps://wuzzuf.net/jobs/p/LBuDkezo7I5D-Cost-Analyst-Ostool-Transport-Giza-Egypt
Financial Analyst,Ghataty -,"Cairo,Egypt",On-site,3 - 5,8 daysago,Full Time,https://wuzzuf.nethttps://wuzzuf.net/jobs/p/g45ldOUQi3aU-Financial-Analyst-Ghataty-Cairo-Egypt
Senior Financial FP & A Analyst,London International Patient Services -,"Heliopolis,Cairo,Egypt",On-site,3 - 5,2 daysago,Full Time,https://wuzzuf.nethttps://wuzzuf.net/jobs/p/fJhPrxVOwmd1-Senior-Financial-FP-A-Analyst-London-International-Patient-Services-Cairo-Egypt
Credit Analyst,CXDA -,"Heliopolis,Cairo,Egypt",On-site,N/A,N/A,Full Time,https://wuzzuf.nethttps://wuzzuf.net/jobs/p/Fsu4MCSbVcPf-Credit-Analyst-CXDA-Cairo-Egypt
Senior Actuarial Analyst – P&C,Allianz -,"New Cairo,Cairo,Egypt",On-site,3 - 5,5 daysago,Full Time,https://wuzzuf.nethttps://wuzzuf.net/jobs/p/2u1AlwUzoxJv-Senior-Actuarial-Analyst-–-PC-Allianz-Cairo-Egypt
Financial Analyst and Reporting,Bahna Engineering -,"Zamalek,Cairo,Egypt",On-site,3 - 7,N/A,Full Time,https://wuzzuf.nethttps://wuzzuf.net/jobs/p/uJ7yJHtD9LCA-Financial-Analyst-and-Reporting-Bahna-Engineering-Cairo-Egypt
ERP System Analyst (Full Stack),Xceed Contact Center -,"Maadi,Cairo,Egypt",On-site,0 - 1,N/A,Full Time,https://wuzzuf.nethttps://wuzzuf.net/jobs/p/L99ABIhYqte0-ERP-System-Analyst-Full-Stack-Xceed-Contact-Center-Cairo-Egypt
Central Operations Senior Analyst,Aman -,"Cairo,Egypt",On-site,1 - 3,N/A,Full Time,https://wuzzuf.nethttps://wuzzuf.net/jobs/p/f69J2Zu1wwJ7-Central-Operations-Senior-Analyst-Aman-Cairo-Egypt
Business Analyst,Misr Elkheir Foundation -,"Mokattam,Cairo,Egypt",On-site,4 - 7,N/A,Full Time,https://wuzzuf.nethttps://wuzzuf.net/jobs/p/bJWKYpm8mYO9-Business-Analyst-Misr-Elkheir-Foundation-Cairo-Egypt
Business Analyst - Customer Solutions,Fixed Solutions -,"Cairo,Egypt",Hybrid,N/A,N/A,Full Time,https://wuzzuf.nethttps://wuzzuf.net/jobs/p/rUUx94Lnx9NX-Business-Analyst---Customer-Solutions-Fixed-Solutions-Cairo-Egypt
Senior Business Analyst,Youxel -,"Cairo,Egypt",Hybrid,N/A,N/A,Full Time,https://wuzzuf.nethttps://wuzzuf.net/jobs/p/Bwic5aeEJwnE-Senior-Business-Analyst-Youxel-Cairo-Egypt
Economic research analyst,Confidential -,"Heliopolis,Cairo,Egypt",Hybrid,N/A,N/A,Full Time,https://wuzzuf.nethttps://wuzzuf.net/jobs/p/MNOHYDvu8b98-Economic-research-analyst-Cairo-Egypt
Pricing Analyst,Target Recruitment  & HR Solutions  -,"New Cairo,Cairo,Egypt",Remote,1 - 2,N/A,Full Time,https://wuzzuf.nethttps://wuzzuf.net/jobs/p/VhK9uCRxmu4b-Pricing-Analyst-Target-Recruitment-HR-Solutions-Cairo-Egypt
MIS Analyst,FlexFilms Egypt -,"6th of October,Giza,Egypt",On-site,0 - 3,N/A,Full Time,https://wuzzuf.nethttps://wuzzuf.net/jobs/p/CLdMZNsAf52o-MIS-Analyst-FlexFilms-Egypt-Giza-Egypt
SOC Analyst,Al Ahly capital holding - Al Ahly Tamkeen -,"Zamalek,Cairo,Egypt",On-site,1 - 3,N/A,Full Time,https://wuzzuf.nethttps://wuzzuf.net/jobs/p/idC9Mq0A9Wli-SOC-Analyst-Al-Ahly-capital-holding---Al-Ahly-Tamkeen-Cairo-Egypt
Investment And Financial Analyst,Creative Motion -,"Maadi,Cairo,Egypt",On-site,5 - 7,N/A,Full Time,https://wuzzuf.nethttps://wuzzuf.net/jobs/p/HeQIR5mh7WwK-Investment-And-Financial-Analyst-Creative-Motion-Cairo-Egypt
Financial Analyst,Global Professional Services GPS -,"New Cairo,Cairo,Egypt",On-site,3 - 7,N/A,Full Time,https://wuzzuf.nethttps://wuzzuf.net/jobs/p/q4bERyTj3ywv-Financial-Analyst-Global-Professional-Services-GPS-Cairo-Egypt
Data Analyst,Confidential -,"Heliopolis,Cairo,Egypt",On-site,3 - 5,N/A,Full Time,https://wuzzuf.nethttps://wuzzuf.net/jobs/p/gwMXCIAsEVDU-Data-Analyst-Cairo-Egypt
Ads Sales Quality Analyst (QA),Genpact -,"New Cairo,Cairo,Egypt",On-site,0 - 3,N/A,Full Time,https://wuzzuf.nethttps://wuzzuf.net/jobs/p/11oDzwAm1ygp-Ads-Sales-Quality-Analyst-QA-Genpact-Cairo-Egypt
Fraud Analyst,waffarha.com -,"Sheraton,Cairo,Egypt",On-site,N/A,N/A,Internship,https://wuzzuf.nethttps://wuzzuf.net/internship/f0dPU0lwVXOE-Fraud-Analyst-waffarha-com-Cairo-Egypt
Operational Risk Analyst,Sandah for micro finance -,"Mohandessin,Giza,Egypt",On-site,1 - 3,N/A,Full Time,https://wuzzuf.nethttps://wuzzuf.net/jobs/p/aY7MBZhjCD93-Operational-Risk-Analyst-Sandah-for-micro-finance-Giza-Egypt
Technical Analyst,BTC-Egypt Gold -,"Heliopolis,Cairo,Egypt",On-site,1 - 3,N/A,Full Time,https://wuzzuf.nethttps://wuzzuf.net/jobs/p/5CxzRfJcawMg-Technical-Analyst-BTC-Egypt-Gold-Cairo-Egypt
Accountant Business Analyst,Adamco Pharm -,"6th of October,Giza,Egypt",On-site,1 - 4,N/A,Full Time,https://wuzzuf.nethttps://wuzzuf.net/jobs/p/XDEvaLkmDplB-Accountant-Business-Analyst-Adamco-Pharm-Giza-Egypt
Financial Analyst,Confidential -,"6th of October,Giza,Egypt",On-site,5 - 7,N/A,Full Time,https://wuzzuf.nethttps://wuzzuf.net/jobs/p/XHcZ6zUU55yz-Financial-Analyst-Giza-Egypt
Manager - Data Intelligence Analyst,Almosafer -,"Mohandessin,Giza,Egypt",On-site,5 - 8,N/A,Full Time,https://wuzzuf.nethttps://wuzzuf.net/jobs/p/bpjbziXmuWwV-Manager---Data-Intelligence-Analyst-Almosafer-Giza-Egypt
Senior Financial Analyst,Gila Electric -,"New Cairo,Cairo,Egypt",On-site,5 - 7,N/A,Full Time,https://wuzzuf.nethttps://wuzzuf.net/jobs/p/vLf7Nlwnr9la-Senior-Financial-Analyst-Gila-Electric-Cairo-Egypt
Quality Assurance Analyst,KTS International  -,"Heliopolis,Cairo,Egypt",On-site,5 - 7,N/A,Full Time,https://wuzzuf.nethttps://wuzzuf.net/jobs/p/kTnvewRb1xHl-Quality-Assurance-Analyst-KTS-International-Cairo-Egypt
Financial Analyst,Caduceus Lane -,"Hurghada,Red Sea,Egypt",On-site,5 - 10,N/A,Full Time,https://wuzzuf.nethttps://wuzzuf.net/jobs/p/WnU4GXJBJvfv-Financial-Analyst-Caduceus-Lane-Red-Sea-Egypt
Financial Analyst Specialist,LEONI Wiring System Egypt S.A.E -,"Nasr City,Cairo,Egypt",On-site,1 - 3,N/A,Full Time,https://wuzzuf.nethttps://wuzzuf.net/jobs/p/teaCajQuaAuT-Financial-Analyst-Specialist-LEONI-Wiring-System-Egypt-S-A-E-Cairo-Egypt
Export Sales & Research Analyst,Royal Cement -,"Sheraton,Cairo,Egypt",On-site,N/A,N/A,Full Time,https://wuzzuf.nethttps://wuzzuf.net/jobs/p/qj7jAeRjIVYn-Export-Sales-Research-Analyst-Royal-Cement-Cairo-Egypt
Sr Pricing analyst,Sky Distribution -,"Sheikh Zayed,Giza,Egypt",On-site,3 - 7,N/A,Full Time,https://wuzzuf.nethttps://wuzzuf.net/jobs/p/NcAkDOJwDfQx-Sr-Pricing-analyst-Sky-Distribution-Giza-Egypt
Sales Data Analyst,Koning Food Industries -,"Cairo,Egypt",On-site,5 - 10,N/A,Full Time,https://wuzzuf.nethttps://wuzzuf.net/jobs/p/uUVolSnUtyNh-Sales-Data-Analyst-Koning-Food-Industries-Cairo-Egypt
Marketing Analyst,Confidential -,"Cairo,Egypt",Hybrid,2 - 4,N/A,Full Time,https://wuzzuf.nethttps://wuzzuf.net/jobs/p/1v8ZESF942bB-Marketing-Analyst-Cairo-Egypt
Senior IT Business Analyst,Confidential -,"Cairo,Egypt",Hybrid,4 - 10,N/A,Full Time,https://wuzzuf.nethttps://wuzzuf.net/jobs/p/lQZzuPYthmAJ-Senior-IT-Business-Analyst-Cairo-Egypt
Workforce Analyst,LG Electronics -,"Katameya,Cairo,Egypt",On-site,3 - 7,N/A,Full Time,https://wuzzuf.nethttps://wuzzuf.net/jobs/p/KHgRu5N3MTN6-Workforce-Analyst-LG-Electronics-Cairo-Egypt
Data Analyst,United Elite Company     -,"Al Ain,United Arab Emirates",On-site,1 - 3,N/A,Full Time,https://wuzzuf.nethttps://wuzzuf.net/jobs/p/QyS46Vr1VCX2-Data-Analyst-United-Elite-Company-Al-Ain-United-Arab-Emirates
Service Operation Financial Analyst,Electrolux -,"Sohag,Egypt",Hybrid,3 - 7,N/A,Full Time,https://wuzzuf.nethttps://wuzzuf.net/jobs/p/JkgmWggAHSiS-Service-Operation-Financial-Analyst-Electrolux-Sohag-Egypt
Market Research Analyst,SolyMaro -,"Mohandessin,Giza,Egypt",On-site,2 - 5,N/A,Full Time,https://wuzzuf.nethttps://wuzzuf.net/jobs/p/GHlP0w7NZu8Z-Market-Research-Analyst-SolyMaro-Giza-Egypt
Market Research Analyst,Creative Motion -,"Maadi,Cairo,Egypt",On-site,5 - 8,N/A,Full Time,https://wuzzuf.nethttps://wuzzuf.net/jobs/p/CcP14O4HlisR-Market-Research-Analyst-Creative-Motion-Cairo-Egypt
PG Data Analyst,Nile University -,"Sheikh Zayed,Giza,Egypt",On-site,2 - 4,N/A,Full Time,https://wuzzuf.nethttps://wuzzuf.net/jobs/p/SCVwIoenLd2x-PG-Data-Analyst-Nile-University-Giza-Egypt
Senior Analyst,Evalueserve -,"Maadi,Cairo,Egypt",Hybrid,2 - 7,N/A,Full Time,https://wuzzuf.nethttps://wuzzuf.net/jobs/p/Vky8SuaMghMj-Senior-Analyst-Evalueserve-Cairo-Egypt
Business Analyst,Reliance Group -,"New Cairo,Cairo,Egypt",On-site,N/A,N/A,Full Time,https://wuzzuf.nethttps://wuzzuf.net/jobs/p/FEjelJEBJii3-Business-Analyst-Reliance-Group-Cairo-Egypt
Senior Data Engineer,Confidential -,"New Cairo,Cairo,Egypt",On-site,3 - 8,2 daysago,Full Time,https://wuzzuf.nethttps://wuzzuf.net/jobs/p/aX6bks5PlzSD-Senior-Data-Engineer-Cairo-Egypt
Data Entry Clerk,Confidential -,"Shorouk City,Cairo,Egypt",On-site,1 - 3,3 daysago,Full Time,https://wuzzuf.nethttps://wuzzuf.net/jobs/p/yEMyyKbP7TRq-Data-Entry-Clerk-Cairo-Egypt
Capital Market Analyst,A Jess Group -,"Maadi,Cairo,Egypt",On-site,N/A,N/A,Full Time,https://wuzzuf.nethttps://wuzzuf.net/jobs/p/jhSExJ5m933K-Capital-Market-Analyst-A-Jess-Group-Cairo-Egypt
Data Entry Clerk,Paramount Acquisition -,"Smouha,Alexandria,Egypt",Remote,N/A,3 daysago,Part Time,https://wuzzuf.nethttps://wuzzuf.net/jobs/p/QWtwhBhMAp3f-Data-Entry-Clerk-Paramount-Acquisition-Alexandria-Egypt
Senior Data Engineer,Erada -,"Maadi,Cairo,Egypt",On-site,4 - 6,N/A,Full Time,https://wuzzuf.nethttps://wuzzuf.net/jobs/p/iUAnN9ZpOck8-Senior-Data-Engineer-Erada-Cairo-Egypt
Data Analysis Instructor (Excel - Power BI),EpsilonAI -,"Nasr City,Cairo,Egypt",Hybrid,N/A,6 daysago,Full Time,https://wuzzuf.nethttps://wuzzuf.net/jobs/p/TYyBM6HyTXYL-Data-Analysis-Instructor-Excel---Power-BI-EpsilonAI-Cairo-Egypt
Senior Data Scientist – Data & AI Practice,BrickRed Technologies  -,"New Cairo,Cairo,Egypt",On-site,N/A,8 daysago,Full Time,https://wuzzuf.nethttps://wuzzuf.net/jobs/p/blQaTPf3FZrQ-Senior-Data-Scientist-–-Data-AI-Practice-BrickRed-Technologies-Cairo-Egypt
Sales Data Analysis-Alexandria,Egyptian Abrasives Co. -,"Alexandria,Egypt",On-site,3 - 5,N/A,Full Time,https://wuzzuf.nethttps://wuzzuf.net/jobs/p/0n0K8LNOCwj0-Sales-Data-Analysis-Alexandria-Egyptian-Abrasives-Co-Alexandria-Egypt
Market Research Analyst Specialist,ALQURASHI  -,"Maadi,Cairo,Egypt",On-site,2 - 4,N/A,Full Time,https://wuzzuf.nethttps://wuzzuf.net/jobs/p/dWaVDZih03Cs-Market-Research-Analyst-Specialist-ALQURASHI-Cairo-Egypt
Sales Analyst,BTC-Egypt Gold -,"Heliopolis,Cairo,Egypt",On-site,1 - 4,N/A,Full Time,https://wuzzuf.nethttps://wuzzuf.net/jobs/p/PjH2ES5heuut-Sales-Analyst-BTC-Egypt-Gold-Cairo-Egypt
Data Scientist,COB Solution  -,"Maadi,Cairo,Egypt",On-site,4 - 10,N/A,Full Time,https://wuzzuf.nethttps://wuzzuf.net/jobs/p/BGh1w9ObSOuj-Data-Scientist-COB-Solution-Cairo-Egypt
Training and Quality Specialist,ADS | Foodhub  -,"Smart Village,Giza,Egypt",On-site,N/A,N/A,Full Time,https://wuzzuf.nethttps://wuzzuf.net/jobs/p/m5dewRxS3uiA-Training-and-Quality-Specialist-ADS-Foodhub-Giza-Egypt
Data Operations Specialist,Aqarmap.com -,"Alexandria,Egypt",On-site,1 - 2,N/A,Full Time,https://wuzzuf.nethttps://wuzzuf.net/jobs/p/oQz1ZVQhWS3Y-Data-Operations-Specialist-Aqarmap-com-Alexandria-Egypt
Senior Data Operations,Aqarmap.com -,"Alexandria,Egypt",On-site,2 - 4,N/A,Full Time,https://wuzzuf.nethttps://wuzzuf.net/jobs/p/Z2vJtyqte2cP-Senior-Data-Operations-Aqarmap-com-Alexandria-Egypt
Laboratory Analyst (Chemical and Microbiology),Royal Herbs  -,"Haram,Giza,Egypt",On-site,2 - 5,N/A,Full Time,https://wuzzuf.nethttps://wuzzuf.net/jobs/p/Gf8RmjC8V69X-Laboratory-Analyst-Chemical-and-Microbiology-Royal-Herbs-Giza-Egypt
ERP System Analyst,Xceed Contact Center -,"Maadi,Cairo,Egypt",On-site,0 - 1,N/A,Full Time,https://wuzzuf.nethttps://wuzzuf.net/jobs/p/6L014GJgvw9J-ERP-System-Analyst-Xceed-Contact-Center-Cairo-Egypt
Financial Analyst,BDO Esnad -,"Maadi,Cairo,Egypt",On-site,1 - 3,N/A,Full Time,https://wuzzuf.nethttps://wuzzuf.net/jobs/p/gQtYfqV16UMm-Financial-Analyst-BDO-Esnad-Cairo-Egypt
Data Maintenance Specialist,Aqarmap.com -,"Alexandria,Egypt",On-site,1 - 2,N/A,Full Time,https://wuzzuf.nethttps://wuzzuf.net/jobs/p/DzdUUjfZO41P-Data-Maintenance-Specialist-Aqarmap-com-Alexandria-Egypt
Trade Execution and Reporting Officer,Blue Ventures -,"Nasr City,Cairo,Egypt",On-site,3 - 5,17 hoursago,Full Time,https://wuzzuf.nethttps://wuzzuf.net/jobs/p/9cE8FC4UwIwK-Trade-Execution-and-Reporting-Officer-Blue-Ventures-Cairo-Egypt
Senior Business Analyst,BTC-Egypt Gold -,"Heliopolis,Cairo,Egypt",On-site,3 - 5,N/A,Full Time,https://wuzzuf.nethttps://wuzzuf.net/jobs/p/p1Li17dElDAg-Senior-Business-Analyst-BTC-Egypt-Gold-Cairo-Egypt
Finished Product Analyst,Rameda -,"6th of October,Giza,Egypt",On-site,1 - 3,N/A,Full Time,https://wuzzuf.nethttps://wuzzuf.net/jobs/p/vOLMHeGeQvUR-Finished-Product-Analyst-Rameda-Giza-Egypt
Data Science Engineer (Java Stack),ARPUPLUS -,"Giza,Egypt",On-site,2 - 4,N/A,Full Time,https://wuzzuf.nethttps://wuzzuf.net/jobs/p/xXd5kSk1bwMO-Data-Science-Engineer-Java-Stack-ARPUPLUS-Giza-Egypt
Market Researcher,National Paints -,"Obour City,Cairo,Egypt",On-site,1 - 2,N/A,Full Time,https://wuzzuf.nethttps://wuzzuf.net/jobs/p/V7Ea6h9v1326-Market-Researcher-National-Paints-Cairo-Egypt
Senior Tableau BI Developer,BrickRed Technologies  -,"New Cairo,Cairo,Egypt",On-site,N/A,8 daysago,Full Time,https://wuzzuf.nethttps://wuzzuf.net/jobs/p/EbYod5ZnV34k-Senior-Tableau-BI-Developer-BrickRed-Technologies-Cairo-Egypt
Quality Data Analysis Engineer,Sumitomo Electric Egypt -,"6th of October,Giza,Egypt",On-site,1 - 2,N/A,Full Time,https://wuzzuf.nethttps://wuzzuf.net/jobs/p/x2swGD6eGjev-Quality-Data-Analysis-Engineer-Sumitomo-Electric-Egypt-Giza-Egypt
Accounting Analyst,Afnan -,"6th of October,Giza,Egypt",On-site,2 - 4,N/A,Full Time,https://wuzzuf.nethttps://wuzzuf.net/jobs/p/TYzaxnVzgdjo-Accounting-Analyst-Afnan-Giza-Egypt
AI Developer (Python),Ultimate Solutions Egypt -,"Sheikh Zayed,Giza,Egypt",On-site,2 - 3,3 daysago,Full Time,https://wuzzuf.nethttps://wuzzuf.net/jobs/p/DnNwRT2ctCVz-AI-Developer-Python-Ultimate-Solutions-Egypt-Giza-Egypt
Internal Controller,Ovo Egypt -,"6th of October,Giza,Egypt",On-site,3 - 6,4 daysago,Full Time,https://wuzzuf.nethttps://wuzzuf.net/jobs/p/teTdeDbhvPj3-Internal-Controller-Ovo-Egypt-Giza-Egypt
Informatica Metadata Developer,BrickRed Technologies  -,"New Cairo,Cairo,Egypt",On-site,3 - 8,8 daysago,Full Time,https://wuzzuf.nethttps://wuzzuf.net/jobs/p/bOALML1Hkuj1-Informatica-Metadata-Developer-BrickRed-Technologies-Cairo-Egypt
CFO,Alshawamikh- A ResModTec Company -,"Maadi,Cairo,Egypt",On-site,15 - 20,4 daysago,Full Time,https://wuzzuf.nethttps://wuzzuf.net/jobs/p/9KNlUddfLvgg-CFO-Alshawamikh--A-ResModTec-Company-Cairo-Egypt
CFO/finance manager,Confidential -,"Zamalek,Cairo,Egypt",On-site,N/A,N/A,Full Time,https://wuzzuf.nethttps://wuzzuf.net/jobs/p/IWS5MxJwiaYs-CFOfinance-manager-Cairo-Egypt
Food & Beverage cost control supervisor,Willow's Egypt -,"Sheikh Zayed,Giza,Egypt",On-site,4 - 5,N/A,Full Time,https://wuzzuf.nethttps://wuzzuf.net/jobs/p/6m2s47flqeuD-Food-Beverage-cost-control-supervisor-Willows-Egypt-Giza-Egypt
"Software Developer (C#, HTML & Typescript)",BI-Technologies -,"New Cairo,Cairo,Egypt",Hybrid,1 - 3,N/A,Full Time,https://wuzzuf.nethttps://wuzzuf.net/jobs/p/e1jz5CI0IAlT-Software-Developer-C-HTML-Typescript-BI-Technologies-Cairo-Egypt
CFO,Segment interior design  -,"Sheraton,Cairo,Egypt",On-site,7 - 9,N/A,Full Time,https://wuzzuf.nethttps://wuzzuf.net/jobs/p/dwejSpRPifJP-CFO-Segment-interior-design-Cairo-Egypt
International Grants -Senior Officer,Misr Elkheir Foundation -,"Mokattam,Cairo,Egypt",On-site,6 - 8,N/A,Full Time,https://wuzzuf.nethttps://wuzzuf.net/jobs/p/jgNWpcHx0sg8-International-Grants--Senior-Officer-Misr-Elkheir-Foundation-Cairo-Egypt
AI Engineer,Confidential -,"Heliopolis,Cairo,Egypt",Remote,1 - 3,N/A,Full Time,https://wuzzuf.nethttps://wuzzuf.net/jobs/p/6r5WpcPzB8qU-AI-Engineer-Cairo-Egypt
Operational Excellence Specialist,Ovo Egypt -,"6th of October,Giza,Egypt",On-site,3 - 5,N/A,Full Time,https://wuzzuf.nethttps://wuzzuf.net/jobs/p/4x4GbLR56VYy-Operational-Excellence-Specialist-Ovo-Egypt-Giza-Egypt
Senior Operation Control Specialist,Amreyah Cement -,"Bourj Alarab,Alexandria,Egypt",On-site,3 - 5,N/A,Full Time,https://wuzzuf.nethttps://wuzzuf.net/jobs/p/Hb1VN6NiBzJJ-Senior-Operation-Control-Specialist-Amreyah-Cement-Alexandria-Egypt
Research And Development (Food & Beverage ),ICONIC FMCG  -,"New Cairo,Cairo,Egypt",On-site,2 - 3,N/A,Full Time,https://wuzzuf.nethttps://wuzzuf.net/jobs/p/LXHZQJqhac3j-Research-And-Development-Food-Beverage-ICONIC-FMCG-Cairo-Egypt
Agricultural R&D Manager,Al Dahra Agriculture -,"Abu Simbel,Aswan,Egypt",On-site,10 - 12,N/A,Full Time,https://wuzzuf.nethttps://wuzzuf.net/jobs/p/P04DfbWq5Zof-Agricultural-RD-Manager-Al-Dahra-Agriculture-Aswan-Egypt
Research Manager,Evalueserve -,"Maadi,Cairo,Egypt",Hybrid,6 - 10,N/A,Full Time,https://wuzzuf.nethttps://wuzzuf.net/jobs/p/9km6DCIKph2L-Research-Manager-Evalueserve-Cairo-Egypt
Financial Planning And Analysis Head,COB Solution  -,"Maadi,Cairo,Egypt",On-site,5 - 7,N/A,Full Time,https://wuzzuf.nethttps://wuzzuf.net/jobs/p/8BAvK87ROUUd-Financial-Planning-And-Analysis-Head-COB-Solution-Cairo-Egypt
Risk Manager,FinBi Finance & Banking Consultants International -,"Dokki,Giza,Egypt",On-site,7 - 10,N/A,Full Time,https://wuzzuf.nethttps://wuzzuf.net/jobs/p/0h158voXktlG-Risk-Manager-FinBi-Finance-Banking-Consultants-International-Giza-Egypt
Cost Control & Planning Engineer,Ayoun Masr Co For Tourism Development -,"New Cairo,Cairo,Egypt",On-site,3 - 5,5 daysago,Full Time,https://wuzzuf.nethttps://wuzzuf.net/jobs/p/PZLmNwW6VR2N-Cost-Control-Planning-Engineer-Ayoun-Masr-Co-For-Tourism-Development-Cairo-Egypt
Senior Cost Control Engineer.,Abu Gemeaa -,"New Cairo,Cairo,Egypt",On-site,N/A,2 daysago,Full Time,https://wuzzuf.nethttps://wuzzuf.net/jobs/p/fthtA04zOyGw-Senior-Cost-Control-Engineer-Abu-Gemeaa-Cairo-Egypt
Business Intelligence Specialist,Biddex  -,"Cairo,Egypt",On-site,1 - 5,N/A,Full Time,https://wuzzuf.nethttps://wuzzuf.net/jobs/p/2mchhO8iaKuO-Business-Intelligence-Specialist-Biddex-Cairo-Egypt
Cost Accountant associate,Smart sevices  -,"Maadi,Cairo,Egypt",On-site,3 - 7,2 daysago,Full Time,https://wuzzuf.nethttps://wuzzuf.net/jobs/p/Iyqy9eLXUpwJ-Cost-Accountant-associate-Smart-sevices-Cairo-Egypt
Cost Accountant,International Food & Consumable Goods - Egypt S.A.E -,"6th of October,Giza,Egypt",On-site,4 - 6,5 daysago,Full Time,https://wuzzuf.nethttps://wuzzuf.net/jobs/p/YhKlyxA8dDJx-Cost-Accountant-International-Food-Consumable-Goods---Egypt-S-A-E-Giza-Egypt
Senior Power BI Developer,SURE International Technology -,"Nasr City,Cairo,Egypt",Hybrid,5 - 8,N/A,Full Time,https://wuzzuf.nethttps://wuzzuf.net/jobs/p/KWrBwaW6EQaf-Senior-Power-BI-Developer-SURE-International-Technology-Cairo-Egypt
1) Accountant - 2) internal Auditor -3) Cost Accountant - 4) Financial Accountant,Green Foods -,"Sheraton,Cairo,Egypt",On-site,2 - 4,N/A,Full Time,https://wuzzuf.nethttps://wuzzuf.net/jobs/p/Z6zQkNeIa0iH-1-Accountant---2 internal-Auditor--3-Cost-Accountant---4-Financial-Accountant-Green-Foods-Cairo-Egypt
Warehouse Supervisor,SAVOLA -,"Ameria,Alexandria,Egypt",On-site,4 - 7,N/A,Full Time,https://wuzzuf.nethttps://wuzzuf.net/jobs/p/JqZQyxqLwCT0-Warehouse-Supervisor-SAVOLA-Alexandria-Egypt
Feasibility Studies And Financial Analysis Manager,Creative Motion -,"Maadi,Cairo,Egypt",On-site,5 - 10,N/A,Full Time,https://wuzzuf.nethttps://wuzzuf.net/jobs/p/jDjJ2rJ11WKA-Feasibility-Studies-And-Financial-Analysis-Manager-Creative-Motion-Cairo-Egypt
Supply and Demand Planning Manager,Bouri Group -,"New Cairo,Cairo,Egypt",On-site,5 - 7,N/A,Full Time,https://wuzzuf.nethttps://wuzzuf.net/jobs/p/Z9cDlSByBSHy-Supply-and-Demand-Planning-Manager-Bouri-Group-Cairo-Egypt
Tax Accountant,Confidential -,"Nasr City,Cairo,Egypt",On-site,3 - 5,N/A,Full Time,https://wuzzuf.nethttps://wuzzuf.net/jobs/p/HtdAYNKjssiE-Tax-Accountant-Cairo-Egypt
R&T Chemist,Eagle Chemicals -,"6th of October,Giza,Egypt",On-site,2 - 3,8 daysago,Full Time,https://wuzzuf.nethttps://wuzzuf.net/jobs/p/899xqeGPyp6t-RT-Chemist-Eagle-Chemicals-Giza-Egypt
Cost Accountant,Marseilia -,"Alexandria,Egypt",On-site,2 - 4,N/A,Full Time,https://wuzzuf.nethttps://wuzzuf.net/jobs/p/NBDNE6gfCIQi-Cost-Accountant-Marseilia-Alexandria-Egypt
Senior Full Stack Developer,iucon Egypt -,"Dokki,Giza,Egypt",Hybrid,2 - 4,8 daysago,Full Time,https://wuzzuf.nethttps://wuzzuf.net/jobs/p/5o5sCYdXqPnD-Senior-Full-Stack-Developer-iucon-Egypt-Giza-Egypt
Full Stack Developer,Cherwell Associates -,"Zamalek,Cairo,Egypt",On-site,4 - 7,45 minutesago,Full Time,https://wuzzuf.nethttps://wuzzuf.net/jobs/p/r1rEJeYTlDMm-Full-Stack-Developer-Cherwell-Associates-Cairo-Egypt
Full Stack Developer,TheFedexperience -,"New Cairo,Cairo,Egypt",Hybrid,1 - 3,2 daysago,Full Time,https://wuzzuf.nethttps://wuzzuf.net/jobs/p/Wb82PQp3ZN4s-Full-Stack-Developer-TheFedexperience-Cairo-Egypt
Senior Full Stack ASP.NET Developer,Al Attiya Computer and Technology  -,"Hadayek Alkobba,Cairo,Egypt",On-site,N/A,5 daysago,Full Time,https://wuzzuf.nethttps://wuzzuf.net/jobs/p/PkMBksRWwtQC-Senior-Full-Stack-ASPNET-Developer-Al-Attiya-Computer-and-Technology-Cairo-Egypt
Software Engineer,Confidential -,"Riyadh,Saudi Arabia",On-site,3 - 5,8 daysago,Full Time,https://wuzzuf.nethttps://wuzzuf.net/jobs/p/GYyjdiHpFlXx-Software-Engineer-Riyadh-Saudi-Arabia
CMA Accountant,MRI -,"Mansoura,Dakahlia,Egypt",On-site,5 - 10,N/A,Full Time,https://wuzzuf.nethttps://wuzzuf.net/jobs/p/a6VZlaIiXJQy-CMA-Accountant-MRI-Dakahlia-Egypt
Marketing Supervisor,Confidential -,"khanka,Qalubia,Egypt",On-site,7 - 15,N/A,Full Time,https://wuzzuf.nethttps://wuzzuf.net/jobs/p/dZkgUj27I0s7-Marketing-Supervisor-Qalubia-Egypt
Senior Full Stack Developer,Biddex  -,"Heliopolis,Cairo,Egypt",On-site,N/A,N/A,Full Time,https://wuzzuf.nethttps://wuzzuf.net/jobs/p/WjEsRw2CyF6y-Senior-Full-Stack-Developer-Biddex-Cairo-Egypt
Automotive Operations Manager,Biddex  -,"Cairo,Egypt",On-site,7 - 10,N/A,Full Time,https://wuzzuf.nethttps://wuzzuf.net/jobs/p/7VsrcZ2Pbadi-Automotive-Operations-Manager-Biddex-Cairo-Egypt
Digital Marketing Executive,Golf Aviation Academy  -,"Dokki,Giza,Egypt",On-site,1 - 3,N/A,Full Time,https://wuzzuf.nethttps://wuzzuf.net/jobs/p/0rkH0nuKTyDP-Digital-Marketing-Executive-Golf-Aviation-Academy-Giza-Egypt
Software Testing,Cubic Information Systems -,"New Cairo,Cairo,Egypt",On-site,2 - 4,N/A,Full Time,https://wuzzuf.nethttps://wuzzuf.net/jobs/p/e6MzVWfeVuod-Software-Testing-Cubic-Information-Systems-Cairo-Egypt
Tax Accountant,Beverlyhills -,"Shorouk City,Cairo,Egypt",On-site,6 - 7,N/A,Full Time,https://wuzzuf.nethttps://wuzzuf.net/jobs/p/mPp1b1znHiGC-Tax-Accountant-Beverlyhills-Cairo-Egypt
Researcher (AI & Technology),Rehabitaire -,"Maadi,Cairo,Egypt",On-site,N/A,N/A,Full Time,https://wuzzuf.nethttps://wuzzuf.net/jobs/p/OCsZGR12c4dE-Researcher-AI-Technology-Rehabitaire-Cairo-Egypt
MERN Stack Developer,Rehabitaire -,"Maadi,Cairo,Egypt",On-site,N/A,N/A,Full Time,https://wuzzuf.nethttps://wuzzuf.net/jobs/p/vcmU7hNYHlXc-MERN-Stack-Developer-Rehabitaire-Cairo-Egypt
Tax Accountant,Memaar Alashraaf -,"New Cairo,Cairo,Egypt",On-site,2 - 5,N/A,Full Time,https://wuzzuf.nethttps://wuzzuf.net/jobs/p/9VVu7RDaA2uA-Tax-Accountant-Memaar-Alashraaf-Cairo-Egypt
Product Owner,Nahdet Misr Publishing Group -,"Mohandessin,Giza,Egypt",Hybrid,1 - 3,N/A,Full Time,https://wuzzuf.nethttps://wuzzuf.net/jobs/p/AsedX8QWwfOQ-Product-Owner-Nahdet-Misr-Publishing-Group-Giza-Egypt
Cost Accountant,International Medical Service Center -,"Manial,Cairo,Egypt",On-site,2 - 3,23 hoursago,Full Time,https://wuzzuf.nethttps://wuzzuf.net/jobs/p/tsKPXgeX4vE7-Cost-Accountant-International-Medical-Service-Center-Cairo-Egypt
Analytical Chemist,"ELVAN Knitting, Dyeing and finishing S.A.E -","Bourj Alarab,Alexandria,Egypt",On-site,1 - 3,3 daysago,Full Time,https://wuzzuf.nethttps://wuzzuf.net/jobs/p/ePiSkZwOq48u-Analytical-Chemist-ELVAN-Knitting-Dyeing-and-finishing-S-A-E-Alexandria-Egypt
Junior Receivables Accountant - AR Accountant,LG Electronics -,"Katameya,Cairo,Egypt",On-site,1 - 2,4 daysago,Full Time,https://wuzzuf.nethttps://wuzzuf.net/jobs/p/KbzKdo8wNUoD-Junior-Receivables-Accountant---AR-Accountant-LG-Electronics-Cairo-Egypt
Senior Business Development Engineer,Egytrans -,"New Cairo,Cairo,Egypt",On-site,5 - 7,4 daysago,Full Time,https://wuzzuf.nethttps://wuzzuf.net/jobs/p/CAdWtolufSzK-Senior-Business-Development-Engineer-Egytrans-Cairo-Egypt
Cost Accountant,Confidential -,"Giza,Egypt",On-site,1 - 2,N/A,Full Time,https://wuzzuf.nethttps://wuzzuf.net/jobs/p/j7BixoLmsEWc-Cost-Accountant-Giza-Egypt
Software Tester - Fully Remote Job,Osus Group  -,"Cairo,Egypt",Remote,1 - 5,8 daysago,Full Time,https://wuzzuf.nethttps://wuzzuf.net/jobs/p/eHhla9sJzU3u-Software-Tester---Fully-Remote-Job-Osus-Group-Cairo-Egypt
Senior ERP Developer,Milkys - The Milkman -,"Sheikh Zayed,Giza,Egypt",On-site,4 - 6,N/A,Full Time,https://wuzzuf.nethttps://wuzzuf.net/jobs/p/52IcatA4wxzO-Senior-ERP-Developer-Milkys---The-Milkman-Giza-Egypt
Accountant Cost Control - SAP User,UNI Power -,"6th of October,Giza,Egypt",On-site,3 - 5,N/A,Full Time,https://wuzzuf.nethttps://wuzzuf.net/jobs/p/BAzWAJqQU7m0-Accountant-Cost-Control---SAP-User-UNI-Power-Giza-Egypt
R&D Formulation Specialist,Al Andalous Pharmaceutical Industries -,"6th of October,Giza,Egypt",On-site,2 - 4,N/A,Full Time,https://wuzzuf.nethttps://wuzzuf.net/jobs/p/gSSa5kixBAcC-RD-Formulation-Specialist-Al-Andalous-Pharmaceutical-Industries-Giza-Egypt
Production and demand planner food sector,Olio Food -,"Obour City,Cairo,Egypt",On-site,4 - 6,N/A,Full Time,https://wuzzuf.nethttps://wuzzuf.net/jobs/p/qDryrJQ8v1uM-Production-and-demand-planner-food-sector-Olio-Food-Cairo-Egypt
Senior Salesforce Developer,WeAreProdigy -,"Cairo,Egypt",Remote,3 - 6,N/A,Full Time,https://wuzzuf.nethttps://wuzzuf.net/jobs/p/0jhbFaLsMVCO-Senior-Salesforce-Developer-WeAreProdigy-Cairo-Egypt
Full Stack Developer,Mishkat Nour -,"Nasr City,Cairo,Egypt",On-site,5 - 6,N/A,Full Time,https://wuzzuf.nethttps://wuzzuf.net/jobs/p/g5YlJRb6QEPd-Full-Stack-Developer-Mishkat-Nour-Cairo-Egypt
Cost Control Manager,GMC -,"Maadi,Cairo,Egypt",On-site,10 - 15,N/A,Full Time,https://wuzzuf.nethttps://wuzzuf.net/jobs/p/zNydMaaNBZJz-Cost-Control-Manager-GMC-Cairo-Egypt
Senior Full stack Java developer,MTS-IT -,"Maadi,Cairo,Egypt",On-site,2 - 5,N/A,Full Time,https://wuzzuf.nethttps://wuzzuf.net/jobs/p/LEo6pOM6vIM6-Senior-Full-stack-Java-developer-MTS-IT-Cairo-Egypt
Cost accountant,Elsallab steel  -,"10th of Ramadan City,Cairo,Egypt",On-site,3 - 6,N/A,Full Time,https://wuzzuf.nethttps://wuzzuf.net/jobs/p/aCkzm2OpUeDx-Cost-accountant-Esllab-steel-Cairo-Egypt
E Commerce Specialist,GT World OF Beauty -,"Sheraton,Cairo,Egypt",On-site,2 - 3,N/A,Full Time,https://wuzzuf.nethttps://wuzzuf.net/jobs/p/qYWbGmDQpCzy-E-Commerce-Specialist-GT-World-OF-Beauty-Cairo-Egypt
Salesforce Administrator,"Nile Bits, LLC -","6th of October,Giza,Egypt",Remote,3 - 10,N/A,Full Time,https://wuzzuf.nethttps://wuzzuf.net/jobs/p/12UHgXtglJOm-Salesforce-Administrator-Nile-Bits-LLC-Giza-Egypt
Technical Project Manager,TAB ERP Solutions -,"New Cairo,Cairo,Egypt",Remote,8 - 15,N/A,Full Time,https://wuzzuf.nethttps://wuzzuf.net/jobs/p/Mjyo65rP9gFA-Technical-Project-Manager-TAB-ERP-Solutions-Cairo-Egypt
Stability Section Head,Rameda -,"6th of October,Giza,Egypt",On-site,10 - 14,N/A,Full Time,https://wuzzuf.nethttps://wuzzuf.net/jobs/p/OWQexM3kzh7e-Stability-Section-Head-Rameda-Giza-Egypt
Corporate Credit Analysis,A.T Lease Egypt -,"Sheikh Zayed,Giza,Egypt",On-site,N/A,N/A,Full Time,https://wuzzuf.nethttps://wuzzuf.net/jobs/p/ztBo7G3rqZJV-Corporate-Credit-Analysis-A-T-Lease-Egypt-Giza-Egypt
Application Consultant (Sales Buzz Product),BI-Technologies -,"New Cairo,Cairo,Egypt",Hybrid,2 - 6,N/A,Full Time,https://wuzzuf.nethttps://wuzzuf.net/jobs/p/VPOMftMom07t-Application-Consultant-Sales-Buzz-Product-BI-Technologies-Cairo-Egypt
Internal Auditor,Monglish Academy -,"Alexandria,Egypt",On-site,5 - 7,N/A,Full Time,https://wuzzuf.nethttps://wuzzuf.net/jobs/p/EefrC3mBmFQk-Internal-Auditor-Monglish-Academy-Alexandria-Egypt
Senior Analytics Developer,Xceed Contact Center -,"Maadi,Cairo,Egypt",On-site,2 - 3,N/A,Full Time,https://wuzzuf.nethttps://wuzzuf.net/jobs/p/Qi8uGaN9PRPn-Senior-Analytics-Developer-Xceed-Contact-Center-Cairo-Egypt
Machine Learning Lead,WUZZUF -,"Maadi,Cairo,Egypt",Hybrid,7 - 10,N/A,Full Time,https://wuzzuf.nethttps://wuzzuf.net/jobs/p/4Nf60vomcxgU-Machine-Learning-Lead-WUZZUF-Cairo-Egypt
Accounting Manager,Confidential -,"6th of October,Giza,Egypt",On-site,10 - 15,N/A,Full Time,https://wuzzuf.nethttps://wuzzuf.net/jobs/p/iPYS0KXHtKb6-Accounting-Manager-Giza-Egypt
Senior GIS Developer,Syad Tech -,"Cairo,Egypt",Remote,5 - 10,N/A,Full Time,https://wuzzuf.nethttps://wuzzuf.net/jobs/p/gDXZ8ywdikwc-Senior-GIS-Developer-Syad-Tech-Cairo-Egypt
Full Stack Developer,proleaders -,"Alexandria,Egypt",On-site,5 - 10,N/A,Full Time,https://wuzzuf.nethttps://wuzzuf.net/jobs/p/peaAWvtAkHpk-Full-Stack-Developer-proleaders-Alexandria-Egypt
ERP Support Specialist,DIRAC SYSTEMS -,"Heliopolis,Cairo,Egypt",On-site,0 - 2,N/A,Full Time,https://wuzzuf.nethttps://wuzzuf.net/jobs/p/0UXlhgHYxENT-ERP-Support-Specialist-DIRAC-SYSTEMS-Cairo-Egypt
Financial Analysis & Budgeting,Macro Group -,"Sheraton,Cairo,Egypt",On-site,3 - 5,N/A,Full Time,https://wuzzuf.nethttps://wuzzuf.net/jobs/p/FIs4HorrjARK-Financial-Analysis-Budgeting-Macro-Group-Cairo-Egypt
Stock Control Analysis,Ghataty -,"6th of October,Giza,Egypt",On-site,3 - 7,N/A,Full Time,https://wuzzuf.nethttps://wuzzuf.net/jobs/p/FBtUgkTDvNwM-Stock-Control-Analysis-Ghataty-Giza-Egypt
Financial Accountant,BS Egypt -,"Bolkly,Alexandria,Egypt",On-site,5 - 7,N/A,Full Time,https://wuzzuf.nethttps://wuzzuf.net/jobs/p/NSb6clHMUe8P-Financial-Accountant-BS-Egypt-Alexandria-Egypt
Sr. SEO Specialist,ByGrit  -,"New Cairo,Cairo,Egypt",Hybrid,5 - 7,N/A,Full Time,https://wuzzuf.nethttps://wuzzuf.net/jobs/p/5gJo1NsXMAun-Sr-SEO-Specialist-ByGrit-Cairo-Egypt
Cost Accountant,Confidential -,"10th of Ramadan City,Cairo,Egypt",On-site,3 - 5,N/A,Full Time,https://wuzzuf.nethttps://wuzzuf.net/jobs/p/hh8uvkX1qPLM-Cost-Accountant-Cairo-Egypt
Full Stack Team Lead,Pyramids Pharmacy  -,"Sheikh Zayed,Giza,Egypt",Hybrid,4 - 10,N/A,Full Time,https://wuzzuf.nethttps://wuzzuf.net/jobs/p/KbfFenAbWfKd-Full-Stack-Team-Lead-Pyramids-Pharmacy-Giza-Egypt
Pricing and Cost Senior Accountant,Kandil Glass -,"10th of Ramadan City,Cairo,Egypt",On-site,4 - 7,N/A,Full Time,https://wuzzuf.nethttps://wuzzuf.net/jobs/p/eIgfOzilznNW-Pricing-and-Cost-Senior-Accountant-Kandil-Glass-Cairo-Egypt
Market research specialist,forest-line -,"New Cairo,Cairo,Egypt",On-site,1 - 3,N/A,Full Time,https://wuzzuf.nethttps://wuzzuf.net/jobs/p/hXe5ygA0BUDT-Market-research-specialist-forest-line-Cairo-Egypt
Social Media Strategist,ByGrit  -,"New Cairo,Cairo,Egypt",Hybrid,3 - 5,N/A,Full Time,https://wuzzuf.nethttps://wuzzuf.net/jobs/p/NzKdaloDNieL-Social-Media-Strategist-ByGrit-Cairo-Egypt
Project Controls Engineer,BRISK Business Inc. -,"Cairo,Egypt",On-site,N/A,N/A,Full Time,https://wuzzuf.nethttps://wuzzuf.net/jobs/p/OaACw0T6Xt05-Project-Controls-Engineer-BRISK-Business-Inc-Cairo-Egypt
Internal Auditor,Venus International Free Zone    -,"Sheikh Zayed,Giza,Egypt",On-site,2 - 5,N/A,Full Time,https://wuzzuf.nethttps://wuzzuf.net/jobs/p/kkgjxsdPWokR-Internal-Auditor-Venus-International-Free-Zone-Giza-Egypt
Project Manager,Fixed Solutions -,"Cairo,Egypt",Hybrid,N/A,N/A,Full Time,https://wuzzuf.nethttps://wuzzuf.net/jobs/p/H1xV0HPVsaiu-Project-Manager-Fixed-Solutions-Cairo-Egypt
ERP Product Owner,Finiex Soft  -,"Fleming,Alexandria,Egypt",Hybrid,3 - 5,N/A,Full Time,https://wuzzuf.nethttps://wuzzuf.net/jobs/p/HChJJ9JcAPiv-ERP-Product-Owner-Finiex-Soft-Alexandria-Egypt
Research And Development Specialist,Confidential -,"Cairo,Egypt",Remote,3 - 5,N/A,Full Time,https://wuzzuf.nethttps://wuzzuf.net/jobs/p/GdSWqxkfvoRn-Research-And-Development-Specialist-Cairo-Egypt
Python Developer,Outservingplus -,"Cairo,Egypt",On-site,1 - 4,N/A,Full Time,https://wuzzuf.nethttps://wuzzuf.net/jobs/p/EfR7RZwwl6OY-Python-Developer-Outservingplus-Cairo-Egypt
Senior Cost Control,GMC -,"Maadi,Cairo,Egypt",On-site,5 - 8,N/A,Full Time,https://wuzzuf.nethttps://wuzzuf.net/jobs/p/qAhZPkKJGoR9-Senior-Cost-Control-GMC-Cairo-Egypt
RPA Senior Developer,Xceed Contact Center -,"Maadi,Cairo,Egypt",On-site,3 - 5,N/A,Full Time,https://wuzzuf.nethttps://wuzzuf.net/jobs/p/hukfsMiwahx8-RPA-Senior-Developer-Xceed-Contact-Center-Cairo-Egypt
Cost Accountant,DC Auto -,"Maadi,Cairo,Egypt",On-site,3 - 5,N/A,Full Time,https://wuzzuf.nethttps://wuzzuf.net/jobs/p/ccim7CDrwHUZ-Cost-Accountant-DC-Auto-Cairo-Egypt
Tax Accountant,DC Auto -,"Maadi,Cairo,Egypt",On-site,3 - 5,N/A,Full Time,https://wuzzuf.nethttps://wuzzuf.net/jobs/p/cu13RiEpDc9e-Tax-Accountant-DC-Auto-Cairo-Egypt
Financial Planning And Analysis Head,Confidential -,"Monufya,Egypt",On-site,N/A,N/A,Full Time,https://wuzzuf.nethttps://wuzzuf.net/jobs/p/fMuwLmQxqBou-Financial-Planning-And-Analysis-Head-Monufya-Egypt
Credit Analysis Assistant Manager,A.T Lease Egypt -,"Sheikh Zayed,Giza,Egypt",On-site,5 - 7,N/A,Full Time,https://wuzzuf.nethttps://wuzzuf.net/jobs/p/vu0BjqtGq5SS-Credit-Analysis-Assistant-Manager-A-T-Lease-Egypt-Giza-Egypt
Senior Foreign Purchasing,Shabana Group  -,"Nasr City,Cairo,Egypt",On-site,3 - 5,N/A,Full Time,https://wuzzuf.nethttps://wuzzuf.net/jobs/p/DkLKQOLvuEKb-Senior-Foreign-Purchasing-Shabana-Group-Cairo-Egypt
Senior Cost Control Engineer,GMC -,"Maadi,Cairo,Egypt",On-site,4 - 6,N/A,Part Time,https://wuzzuf.nethttps://wuzzuf.net/jobs/p/rWYdIWLM79Dt-Senior-Cost-Control-Engineer-GMC-Cairo-Egypt
Chief Financial Officer,Khater Sports Group -,"Nasr City,Cairo,Egypt",On-site,10 - 20,N/A,Full Time,https://wuzzuf.nethttps://wuzzuf.net/jobs/p/DcsFBHHjMbzv-Chief-Financial-Officer-Khater-Sports-Group-Cairo-Egypt
Financial Planning And Analysis Head,Easy Group For Health and Beauty Care -,"Alexandria,Egypt",On-site,4 - 6,N/A,Full Time,https://wuzzuf.nethttps://wuzzuf.net/jobs/p/62Xhh33XxBmc-Financial-Planning-And-Analysis-Head-Easy-Group-For-Health-and-Beauty-Care-Alexandria-Egypt
Internal Auditor,Confidential -,"Beni Suef,Egypt",On-site,3 - 5,N/A,Full Time,https://wuzzuf.nethttps://wuzzuf.net/jobs/p/w86clUqzcwWS-Internal-Auditor-Beni-Suef-Egypt
Cost Accountant,Growxcel -,"Cairo,Egypt",Hybrid,3 - 5,N/A,Full Time,https://wuzzuf.nethttps://wuzzuf.net/jobs/p/2mIlOUkTtoL8-Cost-Accountant-Growxcel-Cairo-Egypt
Assistant Business Intelligence Manager,SAVOLA -,"Nasr City,Cairo,Egypt",On-site,1 - 3,N/A,Full Time,https://wuzzuf.nethttps://wuzzuf.net/jobs/p/la2VJo2bykdQ-Assistant-Business-Intelligence-Manager-SAVOLA-Cairo-Egypt
BI & Marketplace Manager,Aqarmap.com -,"Nasr City,Cairo,Egypt",On-site,3 - 5,N/A,Full Time,https://wuzzuf.nethttps://wuzzuf.net/jobs/p/DtOhZL9uHf06-BI-Marketplace-Manager-Aqarmap-com-Cairo-Egypt
Full Stack Developer,Kemet code -,"Cairo,Egypt",Remote,N/A,N/A,Full Time,https://wuzzuf.nethttps://wuzzuf.net/jobs/p/vTLkSf2CSjlt-Full-Stack-Developer-Kemet-code-Cairo-Egypt
CFO,WashThru -,"New Heliopolis,Cairo,Egypt",Hybrid,7 - 20,N/A,Full Time,https://wuzzuf.nethttps://wuzzuf.net/jobs/p/j8qEerWg5r5m-CFO-WashThru-Cairo-Egypt
Cost Accountant,Seven Spices Company -,"10th of Ramadan City,Cairo,Egypt",On-site,N/A,N/A,Full Time,https://wuzzuf.nethttps://wuzzuf.net/jobs/p/ZjwN0hgCrbXB-Cost-Accountant-Seven-Spices-Company-Cairo-Egypt
Tax Accountant,Confidential -,"Heliopolis,Cairo,Egypt",On-site,4 - 8,N/A,Full Time,https://wuzzuf.nethttps://wuzzuf.net/jobs/p/uI13GZCAMjiU-Tax-Accountant-Cairo-Egypt
Operations Manager,YouMats -,"Cairo,Egypt",Remote,3 - 4,N/A,Full Time,https://wuzzuf.nethttps://wuzzuf.net/jobs/p/0fmSLVQgNoMb-Operations-Manager-YouMats-Cairo-Egypt
Full Stack Developer,Confidential -,"New Cairo,Cairo,Egypt",On-site,3 - 6,N/A,Full Time,https://wuzzuf.nethttps://wuzzuf.net/jobs/p/dHvkl4aO6Ngi-Full-Stack-Developer-Cairo-Egypt
Costing Section Head,Dakahlia Group -,"Nasr City,Cairo,Egypt",On-site,5 - 7,N/A,Full Time,https://wuzzuf.nethttps://wuzzuf.net/jobs/p/A0SNwaGJMCVw-Costing-Section-Head-Dakahlia-Group-Cairo-Egypt
Nintex BPM Developer,Outservingplus -,"Sheikh Zayed,Giza,Egypt",On-site,2 - 4,N/A,Full Time,https://wuzzuf.nethttps://wuzzuf.net/jobs/p/stT2PaGqoPmg-Nintex-BPM-Developer-Outservingplus-Giza-Egypt
Receivable Accountant,Eamar Al Delta  -,"New Cairo,Cairo,Egypt",On-site,5 - 7,N/A,Full Time,https://wuzzuf.nethttps://wuzzuf.net/jobs/p/t9I8eL6dlfaL-Receivable-Accountant-Eamar-Al-Delta-Cairo-Egypt
CEO Assistant,Miracle Farm -,"Alexandria,Egypt",On-site,2 - 5,N/A,Full Time,https://wuzzuf.nethttps://wuzzuf.net/jobs/p/lmeWShMCzIOP-CEO-Assistant-Miracle-Farm-Alexandria-Egypt
Business Development Manager,Miracle Farm -,"Alexandria,Egypt",On-site,3 - 15,N/A,Full Time,https://wuzzuf.nethttps://wuzzuf.net/jobs/p/ITEvqeS0gS9u-Business-Development-Manager-Miracle-Farm-Alexandria-Egypt
Hiring - Storage Admin,MOBILY INFOTECH LTD INDIA -,"Cairo,Egypt",Remote,3 - 9,N/A,Full Time,https://wuzzuf.nethttps://wuzzuf.net/jobs/p/aKWqNop1oiLK-Hiring---Storage-Admin-MOBILY-INFOTECH-LTD-INDIA-Cairo-Egypt
Continuous Improvement Officer,Masria Digital Payment (MDP) -,"10th of Ramadan City,Sharqia,Egypt",On-site,0 - 2,N/A,Full Time,https://wuzzuf.nethttps://wuzzuf.net/jobs/p/HbAZPrC0LqYN-Continuous-Improvement-Officer-Masria-Digital-Payment-MDP-Sharqia-Egypt
